id,@id,@relations,admin_leve,boundary,contact_we,katotth,koatuu,name,name_en,name_uk,name_zh,official_n,place,start_date,type,website,wikidata,wikipedia,KAT_CODE,emissions_t,area_km2,intensity_t_km2
relation/10627589,relation/10627589,,7,administrative,,UA26060030000011364,2624855400,Брошнів-Осадська селищна громада,Broshniv-Osada Settlement Hromada,Брошнів-Осадська селищна громада,,,municipality,2017-10-29,boundary,https://broshniv.info/,Q50872021,uk:Брошнів-Осадська селищна громада,UA26060030000011364,1.276105875063463e+17,88.62315505781869,1439923769618581.0
relation/11016718,relation/11016718,,7,administrative,,UA26060070000011203,,Вигодська селищна громада,Vyhoda Settlement Hromada,Вигодська селищна громада,维霍达市镇,,municipality,2018-08-02,boundary,https://vyhoda.info/,Q60697427,uk:Вигодська селищна громада,UA26060070000011203,1.3891227506445194e+17,750.2447889773098,185155934576778.72
relation/11016719,relation/11016719,,7,administrative,,UA26060090000054411,,Витвицька сільська громада,Vytvytsia Rural Hromada,Витвицька сільська громада,,,municipality,2016-09-06,boundary,http://vytvytsya-otg.com.ua/,Q28705829,uk:Витвицька сільська громада,UA26060090000054411,1.406963668022462e+16,154.68687671067326,90955593515153.23
relation/11016803,relation/11016803,,7,administrative,https://dolyna.if.ua/,UA26060130000047466,,Долинська міська громада,Dolyna Urban Hromada,Долинська міська громада,,,municipality,2018-12-27,boundary,,Q63413119,uk:Долинська міська громада (Івано-Франківська область),UA26060130000047466,5.529618235528135e+17,352.158663201989,1570206504434761.2
relation/11017229,relation/11017229,,7,administrative,,UA26060150000074921,,Дубівська сільська громада,Duba Rural Hromada,Дубівська сільська громада,,,municipality,2019-05-16,boundary,,Q66121526,uk:Дубівська сільська громада (Івано-Франківська область),UA26060150000074921,3.339981383396185e+16,92.05624835672887,362819628544209.3
relation/11017747,relation/11017747,,7,administrative,,UA26060250000064599,,Спаська сільська громада,Spas Rural Hromada,Спаська сільська громада,,,municipality,2017-09-12,boundary,,Q50826062,uk:Спаська сільська громада,UA26060250000064599,2.000389965066062e+16,226.78844143134341,88205111003051.19
relation/11030439,relation/11030439,,7,administrative,,UA26060050000042523,,Верхнянська сільська громада,Verkhnia Rural Hromada,Верхнянська сільська громада,,,municipality,2015-08-20,boundary,,Q27522822,uk:Верхнянська сільська громада,UA26060050000042523,6.517977349048254e+16,140.0786263983935,465308485429509.2
relation/11031605,relation/11031605,,7,administrative,,UA26060110000025739,,Войнилівська селищна громада,Voinyliv Settlement Hromada,Войнилівська селищна громада,,,municipality,2017-09-26,boundary,,Q50872379,uk:Войнилівська селищна громада,UA26060110000025739,3.3678290461032068e+16,163.64534695841797,205800476988750.97
relation/11094275,relation/11094275,,7,administrative,,UA26040010000011271,,Більшівцівська селищна громада,Bilshivtsi Settlement Hromada,Більшівцівська селищна громада,,,municipality,2016-12-18,boundary,,Q29554173,uk:Більшівцівська селищна громада,UA26040010000011271,1.1591418169064684e+16,152.65980084154887,75929734646358.12
relation/11797693,relation/11797693,,7,administrative,,UA26060010000037638,,Болехівська міська громада,Bolekhiv Urban Hromada,Болехівська міська громада,,,municipality,,boundary,,Q107296513,uk:Болехівська міська громада,UA26060010000037638,2.6772905297256794e+17,287.4986232752327,931235947924040.5
relation/11805329,relation/11805329,,7,administrative,,UA26120110000086381,,Переріслянська сільська громада,Pererisl Rural Hromada,Переріслянська сільська громада,,,municipality,2017-07-26,boundary,,Q50826043,uk:Переріслянська сільська громада,UA26120110000086381,3.836993158987603e+16,96.67407898392523,396899892847762.3
relation/11805988,relation/11805988,,7,administrative,,UA26120050000087602,,Ланчинська селищна громада,Lanchyn Settlement Hromada,Ланчинська селищна громада,,,municipality,2017-07-31,boundary,,Q50872647,uk:Ланчинська селищна громада,UA26120050000087602,1.354797687279125e+16,84.63674051944975,160072053692543.72
relation/11808630,relation/11808630,,7,administrative,,UA26020050000098694,,Зеленська сільська громада,Zelene Rural Hromada,Зеленська сільська громада,,Зеленська сільська територіальна громада,municipality,2020-02-27,boundary,,Q95951061,uk:Зеленська сільська громада,UA26020050000098694,6866248272997311.0,487.7878737778452,14076299641930.887
relation/11808949,relation/11808949,,7,administrative,,UA26020030000088465,,Верховинська селищна громада,Verkhovyna Urban Hromada,Верховинська селищна громада,,,municipality,2020-06-12,boundary,,Q107296502,uk:Верховинська селищна громада,UA26020030000088465,1.5081818068704573e+17,407.91585998939945,369728651126644.25
relation/11808950,relation/11808950,,7,administrative,,UA26020010000096556,,Білоберізька сільська громада,Biloberizka Rural Hromada,Білоберізька сільська громада,,Білоберізька сільська територіальна громада,municipality,2015-10-02,boundary,,Q27521254,uk:Білоберізька сільська громада,UA26020010000096556,2.535435180198267e+16,354.6095680862676,71499344867690.08
relation/11808988,relation/11808988,,7,administrative,,UA26120010000096774,,Ворохтянська селищна громада,Vorokhta Urban Hromada,Ворохтянська селищна громада,,,municipality,2019-12-19,boundary,,Q95951120,uk:Ворохтянська селищна громада,UA26120010000096774,9.844080301484934e+16,249.8307687996103,394029940698813.1
relation/11809105,relation/11809105,,7,administrative,,UA26120150000021671,,Яремчанська міська громада,Yaremche Urban Hromada,Яремчанська міська громада,,,municipality,,boundary,,Q107296524,uk:Яремчанська міська громада,UA26120150000021671,3.1921325112940346e+17,271.2164482728045,1176968628423012.0
relation/11856944,relation/11856944,,7,administrative,,UA26060230000053464,,Рожнятівська селищна громада,Rozhniativ Settlement Hromada,Рожнятівська селищна громада,,,municipality,,boundary,,Q107296515,uk:Рожнятівська селищна громада,UA26060230000053464,1.8110371147488045e+17,179.40208053749924,1009485012282371.6
relation/11857075,relation/11857075,,7,administrative,,UA26060210000091421,,Перегінська селищна громада,Perehinske Settlement Hromada,Перегінська селищна громада,,,municipality,,boundary,,Q107296514,uk:Перегінська селищна громада,UA26060210000091421,7.622396663588686e+16,726.3364199119674,104943060193959.81
relation/11857095,relation/11857095,,7,administrative,,UA26060190000099075,,Новицька сільська громада,Novytsia Rural Hromada,Новицька сільська громада,,,municipality,,boundary,,Q61455507,uk:Новицька сільська громада,UA26060190000099075,3.232009549618156e+16,141.16270198132005,228956339334298.47
relation/11857111,relation/11857111,,7,administrative,,UA26060170000091466,,Калуська міська громада,Kalush Urban Hromada,Калуська міська громада,,,municipality,,boundary,,Q68962189,uk:Калуська міська громада,UA26060170000091466,9.3974883597974e+17,266.0122614567986,3532727517270322.0
relation/11862831,relation/11862831,,7,administrative,,UA26040090000025932,,Галицька міська громада,Halych Urban Hromada,Галицька міська громада,,,municipality,,boundary,,Q107296507,uk:Галицька міська громада,UA26040090000025932,2.3672102879856432e+17,244.78055502780342,967074483394632.1
relation/11862840,relation/11862840,,7,administrative,,UA26040130000010870,,Дубовецька сільська громада,Dubivtsi Rural Hromada,Дубовецька сільська громада,,,municipality,,boundary,,Q85218450,uk:Дубовецька сільська громада,UA26040130000010870,2.4190822664163588e+16,172.5458011348418,140199428239107.62
relation/11862861,relation/11862861,,7,administrative,,UA26040070000065724,,Бурштинська міська громада,Burshtyn Urban Hromada,Бурштинська міська громада,,,municipality,,boundary,,Q107296505,uk:Бурштинська міська громада,UA26040070000065724,9.24855830796673e+16,202.1060530442374,457609169476106.0
relation/11867837,relation/11867837,,7,administrative,,UA26040050000080752,,Букачівська селищна громада,Bukachivtsi Settlement Hromada,Букачівська селищна громада,,,municipality,,boundary,,Q60697376,uk:Букачівська селищна громада,UA26040050000080752,2.2597414085051548e+16,139.53154793619473,161952005974913.56
relation/11867882,relation/11867882,,7,administrative,,UA26040270000047749,,Рогатинська міська громада,Rohatyn Urban Hromada,Рогатинська міська громада,罗哈滕市镇,,municipality,,boundary,,Q107296510,uk:Рогатинська міська громада,UA26040270000047749,3.282039974287857e+17,633.5485056540426,518040835863017.2
relation/11867920,relation/11867920,,7,administrative,,UA26040290000025886,,Солотвинська селищна громада,Solotvyn Settlement Hromada,Солотвинська селищна громада,,,municipality,,boundary,,Q107296511,uk:Солотвинська селищна громада (Івано-Франківська область),UA26040290000025886,8.137212322782202e+16,377.45224546512543,215582564961427.3
relation/11868093,relation/11868093,,7,administrative,,UA26040110000023512,,Дзвиняцька сільська громада,Dzvyniach Rural Hromada,Дзвиняцька сільська громада,,,municipality,2017-07-21,boundary,,Q50826019,uk:Дзвиняцька сільська громада,UA26040110000023512,2.404835873036767e+16,80.14486984380999,300061111550049.56
relation/11868908,relation/11868908,,7,administrative,,UA26040030000091528,,Богородчанська селищна громада,Bohorodchany Settlement Hromada,Богородчанська селищна громада,,,municipality,,boundary,,Q107296504,uk:Богородчанська селищна громада,UA26040030000091528,3.273854877709996e+17,256.24241593574874,1277639716966646.0
relation/11868909,relation/11868909,,7,administrative,,UA26040310000066064,,Старобогородчанська сільська громада,Stari Bohorodchany Rural Hromada,Старобогородчанська сільська громада,,,municipality,2015-08-20,boundary,,Q27522797,uk:Старобогородчанська сільська громада,UA26040310000066064,3.1094504347169596e+16,84.21908450493288,369209716894373.6
relation/11870090,relation/11870090,,7,administrative,,UA26040210000094444,,Лисецька селищна громада,Lysets Settlement Hromada,Лисецька селищна громада,,,municipality,,boundary,,Q107296508,uk:Лисецька селищна громада,UA26040210000094444,2.934423609494828e+16,81.44071997603314,360314055469842.06
relation/11872461,relation/11872461,,7,administrative,,UA26040390000023006,,Ямницька сільська громада,Yamnytsia Rural Council,Ямницька сільська громада,,,municipality,,boundary,,Q50826110,uk:Ямницька сільська громада,UA26040390000023006,1.3230436444071248e+17,128.19164893335088,1032082554063251.6
relation/11872947,relation/11872947,,7,administrative,,UA26040150000053322,,Єзупільська селищна громада,Yezupil Settlement Hromada,Єзупільська селищна громада,,,municipality,2019-07-30,boundary,,Q73687732,uk:Єзупільська селищна громада,UA26040150000053322,4.652290173838484e+16,86.37716851167752,538601838194028.1
relation/11878410,relation/11878410,,7,administrative,,UA26080250000056546,,Чернелицька селищна громада,Chernelytsia Settlement Hromada,Чернелицька селищна громада,,,municipality,2017-05-05,boundary,,Q47504705,uk:Чернелицька селищна громада,UA26080250000056546,2.7197199083450724e+16,130.0033650556922,209203808469109.28
relation/11878543,relation/11878543,,7,administrative,,UA26080030000014307,,Городенківська міська громада,Horodenka Urban Hromada,Городенківська міська громада,,,municipality,,boundary,,Q107296516,uk:Городенківська міська громада,UA26080030000014307,3.261741378008153e+17,616.6514514989082,528944085038601.1
relation/11878924,relation/11878924,,7,administrative,,UA26040230000035526,,Обертинська селищна громада,Obertyn Settlement Hromada,Обертинська селищна громада,,,municipality,,boundary,,Q107296509,uk:Обертинська селищна громада,UA26040230000035526,4.371299028884554e+16,161.36633447067325,270892875098367.8
relation/11879106,relation/11879106,,7,administrative,,UA26040250000061081,,Олешанська сільська громада,Olesha Rural Hromada,Олешанська сільська громада,,,municipality,2016-09-13,boundary,,Q42307919,uk:Олешанська сільська громада,UA26040250000061081,2.3778877998572412e+16,156.49145060405317,151950013286901.78
relation/11879172,relation/11879172,,7,administrative,,UA26040350000024417,,Тлумацька міська громада,Tlumach Urban Hromada,Тлумацька міська громада,,,municipality,2016-09-14,boundary,,Q29558978,uk:Тлумацька міська громада,UA26040350000024417,1.3273365402110573e+17,364.16746148421794,364485210952483.9
relation/11879551,relation/11879551,,7,administrative,,UA26080230000035462,,Снятинська міська громада,Sniatyn Urban Hromada,Снятинська міська громада,,,municipality,,boundary,,Q107296520,uk:Снятинська міська громада,UA26080230000035462,2.8835884146068454e+17,365.6551060733828,788608819270294.1
relation/11879610,relation/11879610,,7,administrative,,UA26080050000081474,,Заболотівська селищна громада,Zabolotiv Settlement Hromada,Заболотівська селищна громада,,,municipality,2017-07-24,boundary,,Q50872741,uk:Заболотівська селищна громада,UA26080050000081474,7.21712804678965e+16,214.08169910984367,337120271223491.94
relation/11879643,relation/11879643,,7,administrative,,UA26100070000078132,,Рожнівська сільська громада,Rozhniv Rural Hromada,Рожнівська сільська громада,,,municipality,2017-03-06,boundary,,Q50826021,uk:Рожнівська сільська громада,UA26100070000078132,1.9618199228812036e+16,106.02551154981079,185032818441959.66
relation/11879696,relation/11879696,,7,administrative,,UA26100010000076570,,Косівська міська громада,Kosiv Urban Hromada,Косівська міська громада,,,municipality,,boundary,,Q107296521,uk:Косівська міська громада,UA26100010000076570,4.851209947983483e+17,337.8525050946814,1435895805071493.0
relation/11879697,relation/11879697,,7,administrative,,UA26100050000019570,,Кутська селищна громада,Kuty Settlement Hromada,Кутська селищна громада,,,municipality,,boundary,,Q107296522,uk:Кутська селищна громада,UA26100050000019570,6.204317898418039e+16,113.48474810046928,546709403886175.94
relation/11881282,relation/11881282,,7,administrative,,UA26100030000012148,,Космацька сільська громада,Kosmach Rural Hromada,Космацька сільська громада,,,municipality,2016-09-13,boundary,,Q29558955,uk:Космацька сільська громада,UA26100030000012148,1.4169561502027002e+16,114.21615223312244,124059173987108.45
relation/11881328,relation/11881328,,7,administrative,,UA26100090000038366,,Яблунівська селищна громада,Yabluniv Settlement Hromada,Яблунівська селищна громада,,,municipality,2017-04-25,boundary,,Q42307911,uk:Яблунівська селищна громада,UA26100090000038366,7.399175390623755e+16,206.87477600204355,357664454488674.1
relation/11882121,relation/11882121,,7,administrative,,UA26080130000058024,,Нижньовербізька сільська громада,Nyzhnii Verbizh Rural Hromada,Нижньовербізька сільська громада,,,municipality,2016-09-16,boundary,,Q29554295,uk:Нижньовербізька сільська громада,UA26080130000058024,3.8503149525190456e+16,97.5353698969934,394760891006549.06
relation/11882315,relation/11882315,,7,administrative,,UA26080170000041182,,Печеніжинська селищна громада,Pechenizhyn Settlement Hromada,Печеніжинська селищна громада,,,municipality,2015-07-23,boundary,,Q20822056,uk:Печеніжинська селищна громада,UA26080170000041182,8.413750903059611e+16,184.8067985671405,455272802098938.3
relation/11882545,relation/11882545,,7,administrative,,UA26080110000076323,,Матеївецька сільська громада,Mateivtsi Rural Hromada,Матеївецька сільська громада,,,municipality,2016-09-09,boundary,,Q29554202,uk:Матеївецька сільська громада,UA26080110000076323,4.0575598511510136e+16,104.30170096169641,389021445838271.2
relation/11882674,relation/11882674,,7,administrative,,UA26080010000036750,,Гвіздецька селищна громада,Hvizdets Settlement Hromada,Гвіздецька селищна громада,,,municipality,2019-09-05,boundary,,Q73686732,uk:Гвіздецька селищна громада,UA26080010000036750,4.238541607257336e+16,65.79943636610021,644160777255689.0
relation/11882692,relation/11882692,,7,administrative,,UA26080190000080618,,Підгайчиківська сільська громада,Pidhaichyky Rural Hromada,Підгайчиківська сільська громада,,,municipality,2019-06-13,boundary,,Q67609005,uk:Підгайчиківська сільська громада,UA26080190000080618,3.9172853842705464e+16,58.43640107997774,670350211832730.2
relation/11883479,relation/11883479,,7,administrative,,UA26080210000049380,,П'ядицька сільська громада,Piadyky Rural Hromada,П'ядицька сільська громада,,,municipality,2016-09-14,boundary,,Q29554351,uk:П'ядицька сільська громада,UA26080210000049380,3.795065890846327e+16,126.47452891510369,300065627711788.0
relation/11883681,relation/11883681,,7,administrative,,UA26080090000095729,,Коршівська сільська громада,Korshiv Rural Hromada,Коршівська сільська громада,,,municipality,2018-05-25,boundary,,Q62597018,uk:Коршівська сільська громада,UA26080090000095729,4.757531721702013e+16,131.1450133635854,362768785459822.94
relation/11883684,relation/11883684,,7,administrative,,UA26080150000032640,,Отинійська селищна громада,Otyniia Settlement Hromada,Отинійська селищна громада,,,municipality,,boundary,,Q107296517,uk:Отинійська селищна громада,UA26080150000032640,7.009341911935801e+16,212.37949520316005,330038542808981.44
relation/11888170,relation/11888170,,7,administrative,,UA26120070000067596,,Надвірнянська міська громада,Nadvirna Urban Hromada,Надвірнянська міська громада,,,municipality,,boundary,,Q107296523,uk:Надвірнянська міська громада,UA26120070000067596,6.721865261766007e+17,191.04879638090847,3518402308258522.0
relation/11888753,relation/11888753,,7,administrative,,UA26120030000018265,,Делятинська селищна громада,Deliatyn Settlement Hromada,Делятинська селищна громада,,,municipality,2017-08-17,boundary,,Q50872590,uk:Делятинська селищна громада,UA26120030000018265,7.865663351270842e+16,207.2426960732903,379538748544807.1
relation/11889806,relation/11889806,,7,administrative,,UA26120090000072057,,Пасічнянська сільська громада,Pasichna Rural Hromada,Пасічнянська сільська громада,,,municipality,2019-07-02,boundary,,Q73557456,uk:Пасічнянська сільська громада,UA26120090000072057,6.7476674731499704e+16,420.3446479193304,160527022445755.88
relation/11889896,relation/11889896,,7,administrative,,UA26120130000088448,,Поляницька сільська громада,Polianytsia Rural Hromada,Поляницька сільська громада,,,municipality,2020-03-05,boundary,,Q95951111,uk:Поляницька сільська громада,UA26120130000088448,8.101974643975658e+16,341.47022826064233,237267380094743.28
relation/11889950,relation/11889950,,7,administrative,,UA26080070000092582,,Коломийська міська громада,Kolomyia Urban Hromada,Коломийська міська громада,,,municipality,2018-09-06,boundary,,Q58844939,uk:Коломийська міська громада,UA26080070000092582,1.684886163741259e+18,172.86944262844546,9746581802560940.0
relation/11890072,relation/11890072,,7,administrative,,UA26040330000019235,,Тисменицька міська громада,Tysmenytsia Urban Hromada,Тисменицька міська громада,,,municipality,,boundary,,Q107296512,uk:Тисменицька міська громада,UA26040330000019235,2.6788589638701805e+17,246.70397684669885,1085859659868724.2
relation/11890980,relation/11890980,,7,administrative,,UA26040190000081578,,Івано-Франківська міська громада,Ivano-Frankivsk Urban Hromada,Івано-Франківська міська громада,,,municipality,,boundary,,Q107407453,uk:Івано-Франківська міська громада,UA26040190000081578,2.726540330872253e+18,264.42165342342446,1.0311335306969666e+16
relation/11891098,relation/11891098,,7,administrative,,UA26040370000057019,,Угринівська сільська громада,Uhryniv Rural Hromada,Угринівська сільська громада,,,municipality,,boundary,,Q61367787,uk:Угринівська сільська громада,UA26040370000057019,2.9862458449863976e+16,17.72991188306171,1684298187538828.5
relation/11891099,relation/11891099,,7,administrative,,UA26040170000097347,,Загвіздянська сільська громада,Zahvizdia Rural Hromada,Загвіздянська сільська громада,,,municipality,,boundary,,Q61367791,uk:Загвіздянська сільська громада,UA26040170000097347,1.5893505831420052e+16,31.370227064724375,506642996195975.94
